{

	"metadata" :
	{
		"formatVersion" : 3.1,
		"generatedBy"   : "Blender 2.7 Exporter",
		"vertices"      : 85,
		"faces"         : 79,
		"normals"       : 29,
		"colors"        : 0,
		"uvs"           : [],
		"materials"     : 0,
		"morphTargets"  : 0,
		"bones"         : 0
	},

	"scale" : 1.000000,

	"materials" : [],

	"vertices" : [12,-6,7.99999,-12,-6,8.00001,-12,-6,-7.99999,12,-6,-8.00001,12,-2,7.99999,-12,-2,8.00001,-12,-2,-7.99999,12,-2,-8.00001,16.1,3,0.599979,15.9,3,0.599979,15.9,3,0.399979,16.1,3,0.399979,16.1,21,0.599979,15.9,21,0.599979,15.9,21,0.399979,16.1,21,0.399979,-15.9,3,0.6,-16.1,3,0.6,-16.1,3,0.4,-15.9,3,0.4,-15.9,21,0.599999,-16.1,21,0.599999,-16.1,21,0.399999,-15.9,21,0.399999,16,2.9,0.599979,-16,2.9,0.6,-16,2.9,0.4,16,2.9,0.399979,16,3.1,0.599979,-16,3.1,0.6,-16,3.1,0.4,16,3.1,0.399979,16,20.9,0.599979,-16,20.9,0.599999,-16,20.9,0.399999,16,20.9,0.399979,16,21.1,0.599979,-16,21.1,0.599999,-16,21.1,0.399999,16,21.1,0.399979,8,-2.15,2.99999,-8,-2.15,3.00001,-8,-2.15,-2.99999,8,-2.15,-3.00001,8,-1.95,2.99999,-8,-1.95,3.00001,-8,-1.95,-2.99999,8,-1.95,-3.00001,3,-2,-1.81794e-06,-3,-2,1.96695e-06,-3,-2,-0.999998,3,-2,-1,3,10,-2.35438e-06,-3,10,1.49012e-06,-3,10,-0.999999,3,10,-1,16,3,0.49999,-16,3,0.50001,-16,3,1.0105e-05,16,3,-1.03673e-05,16,21,0.499989,-16,21,0.500009,-16,21,9.31819e-06,16,21,-1.11541e-05,-16,12,-0.49999,-3.19879e-07,21,-0.500001,16,12,-0.500011,-3.19879e-07,3,-0.5,-3.19879e-07,12,-0.500001,-16,7.5,-0.49999,8,21,-0.500006,16,7.5,-0.500011,-8,3,-0.499995,-16,16.5,-0.499991,-8,21,-0.499996,16,16.5,-0.500011,8,3,-0.500005,-3.19879e-07,7.5,-0.5,-3.19879e-07,16.5,-0.500001,-8,12,-0.499995,8,12,-0.500006,8,7.5,-0.500005,-8,7.5,-0.499995,-8,16.5,-0.499996,8,16.5,-0.500006],

	"morphTargets" : [],

	"normals" : [-0.577349,-0.577349,0.577349,0.577349,-0.577349,0.577349,0.577349,0.577349,0.577349,-0.577349,0.577349,0.577349,-0.577349,0.577349,-0.577349,-0.577349,-0.577349,-0.577349,0.577349,0.577349,-0.577349,0.577349,-0.577349,-0.577349,-0.5974,0.59386,-0.538896,-0.700278,0.019776,-0.713584,-0.707083,0,-0.707083,-0.700278,-0.019776,-0.713584,-0.5974,-0.59386,-0.538896,0.007782,-0.013855,-0.999847,0.700278,-0.019776,-0.713584,0.5974,-0.59386,-0.538896,0.010987,-0.710166,-0.703909,0.5974,0.59386,-0.538896,0.700278,0.019776,-0.713584,0.707083,0,-0.707083,0.010987,0.710166,-0.703909,0,0.707083,-0.707083,-0.010987,0.710166,-0.703909,-0.007782,-0.013855,-0.999847,0,0,-1,0,-0.707083,-0.707083,-0.010987,-0.710166,-0.703909,-0.007782,0.013855,-0.999847,0.007782,0.013855,-0.999847],

	"colors" : [],

	"uvs" : [[]],

	"faces" : [33,1,0,4,5,0,1,2,3,33,5,6,2,1,3,4,5,0,33,6,7,3,2,4,6,7,5,33,0,3,7,4,1,7,6,2,33,0,1,2,3,1,0,5,7,33,7,6,5,4,6,4,3,2,33,9,8,12,13,0,1,2,3,33,13,14,10,9,3,4,5,0,33,14,15,11,10,4,6,7,5,33,8,11,15,12,1,7,6,2,33,8,9,10,11,1,0,5,7,33,15,14,13,12,6,4,3,2,33,20,21,17,16,2,3,0,1,33,21,22,18,17,3,4,5,0,33,22,23,19,18,4,6,7,5,33,23,20,16,19,6,2,1,7,33,16,17,18,19,1,0,5,7,33,23,22,21,20,6,4,3,2,33,28,29,25,24,2,3,0,1,33,29,30,26,25,3,4,5,0,33,30,31,27,26,4,6,7,5,33,31,28,24,27,6,2,1,7,33,24,25,26,27,1,0,5,7,33,31,30,29,28,6,4,3,2,33,36,37,33,32,2,3,0,1,33,37,38,34,33,3,4,5,0,33,38,39,35,34,4,6,7,5,33,39,36,32,35,6,2,1,7,33,32,33,34,35,1,0,5,7,33,39,38,37,36,6,4,3,2,33,41,40,44,45,0,1,2,3,33,45,46,42,41,3,4,5,0,33,46,47,43,42,4,6,7,5,33,40,43,47,44,1,7,6,2,33,40,41,42,43,1,0,5,7,33,47,46,45,44,6,4,3,2,33,49,48,52,53,0,1,2,3,33,53,54,50,49,3,4,5,0,33,54,55,51,50,4,6,7,5,33,48,51,55,52,1,7,6,2,33,48,49,50,51,1,0,5,7,33,55,54,53,52,6,4,3,2,33,57,56,60,61,0,1,2,3,32,61,62,57,3,8,0,32,62,73,64,8,9,10,32,64,69,58,10,11,12,32,62,58,57,8,12,0,32,62,64,58,8,10,12,33,81,71,59,76,13,14,15,16,32,63,60,75,17,2,18,32,60,56,59,2,1,15,32,59,71,66,15,14,19,32,60,66,75,2,19,18,32,60,59,66,2,15,19,32,63,70,60,17,20,2,32,70,65,74,20,21,22,32,74,62,61,22,8,3,32,70,61,60,20,3,2,32,70,74,61,20,22,3,33,82,77,67,72,23,24,25,26,33,83,78,68,79,27,24,24,24,33,84,75,66,80,28,18,19,24,33,77,81,76,67,24,13,16,25,33,68,80,81,77,24,24,13,24,33,80,66,71,81,24,19,14,13,33,69,82,72,58,11,23,26,12,33,64,79,82,69,10,24,23,11,33,79,68,77,82,24,24,24,23,33,73,83,79,64,9,27,24,10,33,62,74,83,73,8,22,27,9,33,74,65,78,83,22,21,24,27,33,78,84,80,68,24,28,24,24,33,65,70,84,78,21,20,28,24,33,70,63,75,84,20,17,18,28,32,56,57,59,1,0,15,32,57,58,72,0,12,26,32,67,76,59,25,16,15,32,57,72,59,0,26,15,32,72,67,59,26,25,15],

	"bones" : [],

	"skinIndices" : [],

	"skinWeights" : [],

  "animations" : []


}
