{

	"metadata" :
	{
		"formatVersion" : 3.1,
		"generatedBy"   : "Blender 2.7 Exporter",
		"vertices"      : 196,
		"faces"         : 198,
		"normals"       : 36,
		"colors"        : 0,
		"uvs"           : [],
		"materials"     : 0,
		"morphTargets"  : 0,
		"bones"         : 0
	},

	"scale" : 1.000000,

	"materials" : [],

	"vertices" : [6.73137,-3.5,-7.37029,-1.90735e-06,-3.5,-7.29999,6.73137,-3.5,-5.62972,0,-3.5,-5.69999,5.59999,-3.5,-9.98114,10.1255,-3.5,-6.50001,5.60001,-3.5,-3.01886,7.86274,-3.5,-8.24058,7.86274,-3.5,-4.75943,6.73137,-3.5,-6.5,4.46863,-3.5,-3.88914,4.46862,-3.5,-9.11086,6.73137,-4.49997,-7.37029,-1.90735e-06,-4.5,-7.29999,6.73137,-4.5,-5.62972,0,-4.5,-5.69999,5.59999,-4.5,-9.98114,10.1255,-4.5,-6.50001,5.60001,-4.5,-3.01886,7.86274,-4.5,-8.24058,7.86274,-4.5,-4.75943,6.73137,-4.5,-6.5,4.46863,-4.49997,-3.88914,4.46862,-4.5,-9.11086,-6.73137,-3.5,-0.82971,-2.38419e-06,-3.5,-0.899998,-6.73137,-3.5,-2.57028,-1.90735e-06,-3.5,-2.5,-5.6,-3.5,1.78114,-10.1255,-3.5,-1.69999,-5.6,-3.5,-5.18114,-7.86274,-3.5,0.0405754,-7.86274,-3.5,-3.44057,-6.73137,-3.5,-1.7,-4.46863,-3.5,-4.31085,-4.46863,-3.5,0.910859,-6.73137,-4.49997,-0.82971,-2.38419e-06,-4.5,-0.899998,-6.73137,-4.5,-2.57028,-1.90735e-06,-4.5,-2.5,-5.6,-4.5,1.78114,-10.1255,-4.5,-1.69999,-5.6,-4.5,-5.18114,-7.86274,-4.5,0.0405754,-7.86274,-4.5,-3.44057,-6.73137,-4.5,-1.7,-4.46863,-4.49997,-4.31085,-4.46863,-4.5,0.910859,6.73137,-3.5,0.62971,-9.53674e-07,-3.5,0.700005,6.73137,-3.5,2.37028,9.53674e-07,-3.5,2.30001,5.59999,-3.5,-1.98114,10.1255,-3.5,1.49999,5.60001,-3.5,4.98114,7.86274,-3.5,-0.240577,7.86274,-3.5,3.24056,6.73137,-3.5,1.5,4.46863,-3.5,4.11086,4.46862,-3.5,-1.11086,6.73137,-4.49997,0.62971,-9.53674e-07,-4.5,0.700005,6.73137,-4.5,2.37028,9.53674e-07,-4.5,2.30001,5.59999,-4.5,-1.98114,6.73137,-4.5,-1.11086,10.1255,-4.5,1.49999,5.60001,-4.5,4.98114,7.86274,-4.5,-0.240577,7.86274,-4.5,3.24056,6.73137,-4.5,1.5,4.46863,-4.49997,4.11086,4.46862,-4.5,-1.11086,5.6,-4.5,-0.240573,-6.73137,-3.5,7.17029,-1.90735e-06,-3.5,7.1,-6.73137,-3.5,5.42972,-1.43051e-06,-3.5,5.5,-5.6,-3.5,9.78115,-10.1255,-3.5,6.30001,-5.6,-3.5,2.81886,-7.86274,-3.5,8.04058,-7.86274,-3.5,4.55943,-6.73137,-3.5,6.3,-4.46863,-3.5,3.68915,-4.46863,-3.5,8.91086,-6.73137,-4.49997,7.17029,-1.90735e-06,-4.5,7.1,-6.73137,-4.5,5.42972,-1.43051e-06,-4.5,5.5,-5.6,-4.5,9.78115,-10.1255,-4.5,6.30001,-5.6,-4.5,2.81886,-7.86274,-4.5,8.04058,-7.86274,-4.5,4.55943,-6.73137,-4.5,6.3,-4.46863,-4.49997,3.68915,-4.46863,-4.5,8.91086,6.73137,4.5,-7.37029,-1.90735e-06,4.5,-7.29999,6.73137,4.5,-5.62972,0,4.5,-5.69999,5.59999,4.5,-9.98114,10.1255,4.5,-6.50001,5.60001,4.5,-3.01886,7.86274,4.5,-8.24058,7.86274,4.5,-4.75943,6.73137,4.5,-6.5,4.46863,4.5,-3.88915,4.46862,4.5,-9.11086,6.73137,3.50003,-7.37029,-1.90735e-06,3.5,-7.29999,6.73137,3.5,-5.62972,0,3.5,-5.69999,5.59999,3.5,-9.98114,10.1255,3.5,-6.50001,5.60001,3.5,-3.01886,7.86274,3.5,-8.24058,7.86274,3.5,-4.75943,6.73137,3.5,-6.5,4.46863,3.50003,-3.88915,4.46862,3.5,-9.11086,-6.73137,4.5,-0.82971,-2.38419e-06,4.5,-0.899998,-6.73137,4.5,-2.57028,-1.90735e-06,4.5,-2.5,-5.6,4.5,1.78114,-10.1255,4.5,-1.69999,-5.6,4.5,-5.18114,-7.86274,4.5,0.040575,-7.86274,4.5,-3.44057,-6.73137,4.5,-1.7,-4.46863,4.5,-4.31085,-4.46863,4.5,0.910859,-6.73137,3.50003,-0.82971,-2.38419e-06,3.5,-0.899998,-6.73137,3.5,-2.57028,-1.90735e-06,3.5,-2.5,-5.6,3.5,1.78114,-10.1255,3.5,-1.69999,-5.6,3.5,-5.18114,-7.86274,3.5,0.040575,-7.86274,3.5,-3.44057,-6.73137,3.5,-1.7,-4.46863,3.50003,-4.31085,-4.46863,3.5,0.910859,6.73137,4.5,0.62971,-9.53674e-07,4.5,0.700005,6.73137,4.5,2.37028,9.53674e-07,4.5,2.3,5.59999,4.5,-1.98114,10.1255,4.5,1.49999,5.60001,4.5,4.98114,7.86274,4.5,-0.240577,7.86274,4.5,3.24056,6.73137,4.5,1.5,4.46863,4.5,4.11085,4.46862,4.5,-1.11086,6.73137,3.50003,0.62971,-9.53674e-07,3.5,0.700005,6.73137,3.5,2.37028,9.53674e-07,3.5,2.3,5.59999,3.5,-1.98114,6.73137,3.5,-1.11086,10.1255,3.5,1.49999,5.60001,3.5,4.98114,7.86274,3.5,-0.240577,7.86274,3.5,3.24056,6.73137,3.5,1.5,4.46863,3.50003,4.11085,4.46862,3.5,-1.11086,5.6,3.5,-0.240574,-6.73137,4.5,7.17029,-1.90735e-06,4.5,7.1,-6.73137,4.5,5.42972,-1.43051e-06,4.5,5.5,-5.6,4.5,9.78115,-10.1255,4.5,6.30001,-5.6,4.5,2.81886,-7.86274,4.5,8.04058,-7.86274,4.5,4.55943,-6.73137,4.5,6.3,-4.46863,4.5,3.68915,-4.46863,4.5,8.91086,-6.73137,3.50003,7.17029,-1.90735e-06,3.5,7.1,-6.73137,3.5,5.42972,-1.43051e-06,3.5,5.5,-5.6,3.5,9.78115,-10.1255,3.5,6.30001,-5.6,3.5,2.81886,-7.86274,3.5,8.04058,-7.86274,3.5,4.55943,-6.73137,3.5,6.3,-4.46863,3.50003,3.68915,-4.46863,3.5,8.91086],

	"morphTargets" : [],

	"normals" : [-0.170568,0.983673,-0.057009,-0.580065,0.577899,-0.574053,-0.580065,0.577899,0.574053,-0.170568,0.983673,0.057009,0.431104,0.707083,-0.560442,0,0.592212,-0.80575,-0.825129,0.564898,0,-0.170598,-0.983673,0.057009,-0.580065,-0.577899,0.574023,-0.580065,-0.577899,-0.574053,-0.170598,-0.983673,-0.057009,-0.707083,0.707083,0,-0.707083,-0.707083,0,0.825129,-0.564898,0,0.431104,-0.707083,-0.560442,0,0.592212,0.80575,-0.825129,-0.564898,0,0,-0.592212,0.80575,0.825129,0.564898,0,0.431104,0.707083,0.560442,0.431104,-0.707083,0.560442,0,-0.592212,-0.80575,0.170568,0.983673,0.057009,0.580065,0.577899,0.574053,0.580065,0.577899,-0.574053,0.170568,0.983673,-0.057009,-0.431104,0.707083,-0.560442,0.170598,-0.983673,-0.057009,0.580065,-0.577899,-0.574023,0.580065,-0.577899,0.574053,0.170598,-0.983673,0.057009,0.707083,-0.707083,0,-0.431104,-0.707083,0.560442,-0.431104,-0.707083,-0.560442,-0.431104,0.707083,0.560442,0.707083,0.707083,0],

	"colors" : [],

	"uvs" : [[]],