{

	"metadata" :
	{
		"formatVersion" : 3.1,
		"generatedBy"   : "Blender 2.7 Exporter",
		"vertices"      : 56,
		"faces"         : 54,
		"normals"       : 56,
		"colors"        : 0,
		"uvs"           : [],
		"materials"     : 0,
		"morphTargets"  : 0,
		"bones"         : 0
	},

	"scale" : 1.000000,

	"materials" : [],

	"vertices" : [-10.2,-4,10.2,-10.2,-3.4,12,-12,-3.4,10.2,-10.2,-3.87081,11.6124,-11.4256,-3.80855,11.4256,-11.6124,-3.4,11.6124,-11.6124,-3.87081,10.2,-12,-3.4,-10.2,-10.2,-3.4,-12,-10.2,-4,-10.2,-11.6124,-3.4,-11.6124,-11.4256,-3.80855,-11.4256,-10.2,-3.87081,-11.6124,-11.6124,-3.87081,-10.2,10.2,-3.4,-12,12,-3.4,-10.2,10.2,-4,-10.2,11.6124,-3.4,-11.6124,11.4256,-3.80855,-11.4256,11.6124,-3.87081,-10.2,10.2,-3.87081,-11.6124,12,-3.4,10.2,10.2,-3.4,12,10.2,-4,10.2,11.6124,-3.4,11.6124,11.4256,-3.80855,11.4256,10.2,-3.87081,11.6124,11.6124,-3.87081,10.2,-12,3.4,10.2,-10.2,3.4,12,-10.2,4,10.2,-11.6124,3.4,11.6124,-11.4256,3.80855,11.4256,-10.2,3.87081,11.6124,-11.6124,3.87081,10.2,-12,3.4,-10.2,-10.2,4,-10.2,-10.2,3.4,-12,-11.6124,3.87081,-10.2,-11.4256,3.80855,-11.4256,-10.2,3.87081,-11.6124,-11.6124,3.4,-11.6124,10.2,3.4,-12,10.2,4,-10.2,12,3.4,-10.2,10.2,3.87081,-11.6124,11.4256,3.80855,-11.4256,11.6124,3.87081,-10.2,11.6124,3.4,-11.6124,12,3.4,10.2,10.2,4,10.2,10.2,3.4,12,11.6124,3.87081,10.2,11.4256,3.80855,11.4256,10.2,3.87081,11.6124,11.6124,3.4,11.6124],

	"morphTargets" : [],

	"normals" : [-0.042207,-0.998199,0.042207,-0.042207,-0.998199,-0.042207,0.042207,-0.998199,-0.042207,0.042207,-0.998199,0.042207,0.942961,0.311167,-0.118107,0.942961,0.311167,0.118107,0.942961,-0.311167,0.118107,0.942961,-0.311167,-0.118107,0.042207,0.998199,0.042207,0.042207,0.998199,-0.042207,-0.042207,0.998199,-0.042207,-0.042207,0.998199,0.042207,-0.118107,0.311167,-0.942961,0.118107,0.311167,-0.942961,0.118107,-0.311167,-0.942961,-0.118107,-0.311167,-0.942961,0.118107,0.311167,0.942961,-0.118107,0.311167,0.942961,-0.118107,-0.311167,0.942961,0.118107,-0.311167,0.942961,-0.073855,-0.867733,0.49147,-0.414258,-0.810389,0.414258,-0.49147,-0.867733,0.073855,-0.672994,-0.306772,0.672994,-0.942961,-0.311167,0.118107,-0.942961,-0.311167,-0.118107,-0.672994,-0.306772,-0.672994,-0.414258,-0.810389,-0.414258,-0.49147,-0.867733,-0.073855,-0.073855,-0.867733,-0.49147,0.672994,-0.306772,-0.672994,0.414258,-0.810389,-0.414258,0.073855,-0.867733,-0.49147,0.49147,-0.867733,-0.073855,0.672994,-0.306772,0.672994,0.414258,-0.810389,0.414258,0.49147,-0.867733,0.073855,0.073855,-0.867733,0.49147,-0.942961,0.311167,0.118107,-0.672994,0.306772,0.672994,-0.414258,0.810389,0.414258,-0.49147,0.867733,0.073855,-0.073855,0.867733,0.49147,-0.942961,0.311167,-0.118107,-0.49147,0.867733,-0.073855,-0.414258,0.810389,-0.414258,-0.672994,0.306772,-0.672994,-0.073855,0.867733,-0.49147,0.073855,0.867733,-0.49147,0.414258,0.810389,-0.414258,0.672994,0.306772,-0.672994,0.49147,0.867733,-0.073855,0.49147,0.867733,0.073855,0.414258,0.810389,0.414258,0.672994,0.306772,0.672994,0.073855,0.867733,0.49147],

	"colors" : [],

	"uvs" : [[]],

	"faces" : [33,0,9,16,23,0,1,2,3,33,44,49,21,15,4,5,6,7,33,50,43,36,30,8,9,10,11,33,37,42,14,8,12,13,14,15,33,51,29,1,22,16,17,18,19,33,0,3,4,6,0,20,21,22,33,1,5,4,3,18,23,21,20,33,2,6,4,5,24,22,21,23,33,7,10,11,13,25,26,27,28,33,8,12,11,10,15,29,27,26,33,9,13,11,12,1,28,27,29,33,14,17,18,20,14,30,31,32,33,15,19,18,17,7,33,31,30,33,16,20,18,19,2,32,31,33,33,21,24,25,27,6,34,35,36,33,22,26,25,24,19,37,35,34,33,23,27,25,26,3,36,35,37,33,28,31,32,34,38,39,40,41,33,29,33,32,31,17,42,40,39,33,30,34,32,33,11,41,40,42,33,35,38,39,41,43,44,45,46,33,36,40,39,38,10,47,45,44,33,37,41,39,40,12,46,45,47,33,42,45,46,48,13,48,49,50,33,43,47,46,45,9,51,49,48,33,44,48,46,47,4,50,49,51,33,49,52,53,55,5,52,53,54,33,50,54,53,52,8,55,53,52,33,51,55,53,54,16,54,53,55,33,1,29,31,5,18,17,39,23,33,5,31,28,2,23,39,38,24,33,30,36,38,34,11,10,44,41,33,34,38,35,28,41,44,43,38,33,37,8,10,41,12,15,26,46,33,41,10,7,35,46,26,25,43,33,9,0,6,13,1,0,22,28,33,13,6,2,7,28,22,24,25,33,36,43,45,40,10,9,48,47,33,40,45,42,37,47,48,13,12,33,44,15,17,48,4,7,30,50,33,48,17,14,42,50,30,14,13,33,16,9,12,20,2,1,29,32,33,20,12,8,14,32,29,15,14,33,43,50,52,47,9,8,52,51,33,47,52,49,44,51,52,5,4,33,51,22,24,55,16,19,34,54,33,55,24,21,49,54,34,6,5,33,23,16,19,27,3,2,33,36,33,27,19,15,21,36,33,7,6,33,50,30,33,54,8,11,42,55,33,54,33,29,51,55,42,17,16,33,0,23,26,3,0,3,37,20,33,3,26,22,1,20,37,19,18,33,28,35,7,2,38,43,25,24],

	"bones" : [],

	"skinIndices" : [],

	"skinWeights" : [],

  "animations" : []


}
